state,account_length,area_code,international_plan,voice_mail_plan,number_vmail_messages,total_day_minutes,total_day_calls,total_day_charge,total_eve_minutes,total_eve_calls,total_eve_charge,total_night_minutes,total_night_calls,total_night_charge,total_intl_minutes,total_intl_calls,total_intl_charge,number_customer_service_calls,total_net_minutes,total_net_calls,total_net_charge,churn
VT,46,area_code_408,no,no,0,196.7,85,33.44,205.9,74,17.5,216.6,112,9.75,11.2,5,3.02,3,619.2,271,60.69,no
MT,94,area_code_510,no,no,0,163.5,136,27.8,143.7,111,12.21,253.4,82,11.4,12.6,5,3.4,1,560.6,329,51.410000000000004,no
NH,125,area_code_415,no,yes,25,190.1,133,32.32,181.1,61,15.39,104.0,110,4.68,12.5,3,3.38,2,475.2,304,52.39,no
MS,96,area_code_510,no,no,0,98.2,100,16.69,307.2,88,26.11,182.5,120,8.21,7.6,1,2.05,2,587.9,308,51.01,no
PA,92,area_code_415,yes,no,0,255.8,125,43.49,142.7,111,12.13,181.2,101,8.15,11.7,3,3.16,0,579.7,337,63.77,no
WI,129,area_code_415,no,yes,37,205.0,94,34.85,165.4,103,14.06,185.0,81,8.32,11.7,8,3.16,1,555.4,278,57.230000000000004,no
OR,70,area_code_415,no,no,0,101.9,98,17.32,193.3,113,16.43,167.5,126,7.54,15.0,6,4.05,1,462.70000000000005,337,41.29,no
ND,122,area_code_408,no,no,0,231.2,141,39.3,267.8,136,22.76,240.3,100,10.81,8.8,5,2.38,1,739.3,377,72.87,yes
IA,197,area_code_415,no,no,0,233.9,96,39.76,218.9,111,18.61,182.9,109,8.23,9.5,3,2.57,0,635.7,316,66.6,no
SD,67,area_code_415,no,no,0,284.5,104,48.37,88.6,71,7.53,171.4,93,7.71,12.5,4,3.38,1,544.5,268,63.61,no
AZ,144,area_code_510,yes,no,0,203.5,100,34.6,247.6,103,21.05,194.3,94,8.74,11.9,11,3.21,0,645.4000000000001,297,64.39,no
NJ,139,area_code_415,no,yes,43,231.0,85,39.27,222.3,82,18.9,148.0,105,6.66,8.3,5,2.24,2,601.3,272,64.83,no
DE,129,area_code_510,no,no,0,334.3,118,56.83,192.1,104,16.33,191.0,83,8.59,10.4,6,2.81,0,717.4,305,81.75,yes
IL,127,area_code_510,no,no,0,220.2,108,37.43,188.4,124,16.01,172.7,113,7.77,11.7,3,3.16,2,581.3,345,61.209999999999994,no
CO,120,area_code_510,no,yes,27,153.5,84,26.1,194.0,73,16.49,256.5,94,11.54,10.2,7,2.75,5,604.0,251,54.13,no
MI,102,area_code_510,no,no,0,102.6,89,17.44,246.0,77,20.91,170.5,140,7.67,9.1,4,2.46,2,519.1,306,46.02,no
ID,73,area_code_408,no,no,0,67.0,76,11.39,223.0,154,18.96,236.5,151,10.64,11.2,2,3.02,1,526.5,381,40.99,no
ND,117,area_code_415,yes,no,0,158.1,101,26.88,315.1,96,26.78,176.1,108,7.92,13.9,2,3.75,3,649.3000000000001,305,61.58,yes
CT,107,area_code_408,no,no,0,90.7,90,15.42,207.5,109,17.64,169.4,96,7.62,5.6,5,1.51,2,467.6,295,40.68,no
AL,55,area_code_415,no,yes,28,222.5,134,37.83,177.8,106,15.11,194.6,90,8.76,9.7,4,2.62,2,594.9,330,61.699999999999996,no
IA,82,area_code_408,no,no,0,183.6,111,31.21,303.5,88,25.8,189.8,115,8.54,10.3,6,2.78,0,676.9000000000001,314,65.55000000000001,no
MA,80,area_code_408,no,yes,36,190.3,115,32.35,256.6,78,21.81,214.9,145,9.67,3.8,4,1.03,1,661.8000000000001,338,63.83,no
NM,93,area_code_510,no,yes,21,117.9,131,20.04,164.5,115,13.98,217.0,86,9.76,9.8,3,2.65,1,499.4,332,43.779999999999994,no
FL,166,area_code_510,yes,no,0,47.7,89,8.11,264.4,95,22.47,235.2,97,10.58,13.2,3,3.56,0,547.3,281,41.16,yes
IL,119,area_code_408,no,no,0,197.2,111,33.52,168.1,78,14.29,209.8,84,9.44,4.2,2,1.13,1,575.0999999999999,273,57.25,no
WV,105,area_code_510,no,no,0,101.5,83,17.26,193.8,83,16.47,214.3,113,9.64,11.7,4,3.16,3,509.6,279,43.370000000000005,no
NY,91,area_code_510,no,no,0,109.8,100,18.67,189.6,104,16.12,206.7,85,9.3,11.1,3,3.0,1,506.09999999999997,289,44.09,no
LA,51,area_code_415,no,no,0,176.7,129,30.04,218.9,125,18.61,183.9,51,8.28,9.1,4,2.46,0,579.5,305,56.93,no
ND,120,area_code_415,no,no,0,177.2,88,30.12,270.4,99,22.98,231.5,90,10.42,14.0,2,3.78,2,679.0999999999999,277,63.52,no
NM,105,area_code_408,no,no,0,146.4,81,24.89,225.1,80,19.13,230.1,117,10.35,8.5,2,2.3,1,601.6,278,54.37,no
NH,67,area_code_415,no,yes,40,104.9,65,17.83,216.3,93,18.39,217.4,128,9.78,9.6,9,2.59,1,538.6,286,46.0,no
WY,146,area_code_415,no,yes,11,180.7,82,30.72,173.7,90,14.76,231.5,89,10.42,10.1,4,2.73,2,585.9,261,55.9,no
CO,101,area_code_415,no,yes,39,147.2,105,25.02,168.8,96,14.35,165.3,118,7.44,13.0,4,3.51,1,481.3,319,46.809999999999995,no
WV,137,area_code_415,no,no,0,84.3,98,14.33,259.5,115,22.06,197.5,115,8.89,10.3,2,2.78,2,541.3,328,45.28,no
FL,66,area_code_510,no,no,0,113.9,112,19.36,271.8,106,23.1,216.7,95,9.75,15.6,3,4.21,2,602.4000000000001,313,52.21,no
VT,63,area_code_415,no,no,0,278.0,102,47.26,266.4,114,22.64,224.1,118,10.08,13.1,4,3.54,4,768.5,334,79.98,yes
NY,104,area_code_415,no,yes,26,189.1,112,32.15,178.2,97,15.15,199.3,104,8.97,11.1,4,3.0,1,566.5999999999999,313,56.269999999999996,no
DE,96,area_code_415,no,yes,26,175.8,96,29.89,206.6,84,17.56,178.0,105,8.01,11.1,2,3.0,2,560.4,285,55.46,no
MT,101,area_code_408,no,yes,16,118.9,112,20.21,228.3,97,19.41,180.1,111,8.1,8.2,5,2.21,2,527.3000000000001,320,47.720000000000006,no
NV,136,area_code_415,no,yes,21,179.4,88,30.5,181.1,97,15.39,320.7,120,14.43,9.5,4,2.57,2,681.2,305,60.32,no
RI,123,area_code_510,no,yes,23,245.0,88,41.65,265.0,105,22.53,239.7,108,10.79,14.9,3,4.02,2,749.7,301,74.97,no
LA,123,area_code_510,no,yes,32,212.3,77,36.09,251.5,78,21.38,208.7,85,9.39,6.6,2,1.78,3,672.5,240,66.86,no
NM,99,area_code_415,no,no,0,216.8,123,36.86,126.4,88,10.74,220.6,82,9.93,15.7,2,4.24,1,563.8000000000001,293,57.53,no
MT,69,area_code_510,no,yes,40,77.0,106,13.09,161.7,94,13.74,188.6,82,8.49,12.5,6,3.38,1,427.29999999999995,282,35.32,no
WV,120,area_code_510,no,no,0,192.6,123,32.74,206.4,105,17.54,283.2,93,12.74,10.8,3,2.92,1,682.2,321,63.02,no
PA,88,area_code_510,no,no,0,218.2,76,37.09,169.3,60,14.39,141.1,99,6.35,8.0,1,2.16,1,528.6,235,57.830000000000005,no
CA,33,area_code_408,no,no,0,159.5,115,27.12,195.4,118,16.61,102.4,86,4.61,7.1,7,1.92,1,457.29999999999995,319,48.34,no
TN,130,area_code_408,no,no,0,127.0,102,21.59,206.9,107,17.59,231.7,99,10.43,6.1,6,1.65,0,565.5999999999999,308,49.61,no
CT,84,area_code_510,no,yes,42,165.3,97,28.1,223.5,118,19.0,260.8,72,11.74,7.6,7,2.05,3,649.6,287,58.84,no
MT,138,area_code_415,no,no,0,133.9,87,22.76,166.4,110,14.14,193.5,139,8.71,15.4,3,4.16,1,493.8,336,45.61000000000001,no
ND,68,area_code_408,no,yes,22,82.5,97,14.03,289.9,94,24.64,180.0,114,8.1,4.8,4,1.3,3,552.4,305,46.77,no
NY,31,area_code_408,no,yes,28,171.8,116,29.21,240.7,125,20.46,245.5,80,11.05,10.6,7,2.86,1,658.0,321,60.72,no
IA,36,area_code_510,no,no,0,117.1,94,19.91,235.4,117,20.01,221.3,108,9.96,9.0,2,2.43,0,573.8,319,49.88,no
TX,98,area_code_408,no,yes,19,110.5,87,18.79,227.8,97,19.36,243.6,84,10.96,11.0,4,2.97,1,581.9,268,49.11,no
FL,104,area_code_415,no,no,0,76.4,116,12.99,115.6,74,9.83,226.3,94,10.18,9.4,3,2.54,3,418.3,284,33.0,no
MS,69,area_code_510,no,yes,27,268.8,78,45.7,246.6,89,20.96,271.9,102,12.24,16.4,3,4.43,0,787.3,269,78.89999999999999,no
IN,80,area_code_415,no,no,0,106.5,116,18.11,104.8,67,8.91,183.2,124,8.24,8.2,5,2.21,1,394.5,307,35.26,no
RI,138,area_code_510,yes,no,0,286.2,61,48.65,187.2,60,15.91,146.2,114,6.58,11.0,4,2.97,2,619.5999999999999,235,71.14,yes
FL,87,area_code_415,no,no,0,176.6,83,30.02,221.6,101,18.84,185.3,89,8.34,9.4,1,2.54,0,583.5,273,57.2,no
NH,78,area_code_408,no,yes,28,130.5,109,22.19,173.3,99,14.73,192.2,106,8.65,10.4,3,2.81,3,496.0,314,45.57,no
ME,102,area_code_415,no,no,0,228.1,86,38.78,156.0,97,13.26,227.9,124,10.26,10.6,9,2.86,1,612.0,307,62.3,no
NC,165,area_code_415,no,no,0,207.7,109,35.31,164.8,94,14.01,54.5,91,2.45,7.9,3,2.13,0,427.0,294,51.77,no
OR,67,area_code_415,yes,no,0,120.9,58,20.55,235.0,88,19.98,95.1,130,4.28,11.4,11,3.08,2,451.0,276,44.81,no
FL,194,area_code_408,no,yes,42,203.7,109,34.63,192.9,125,16.4,318.0,81,14.31,10.8,16,2.92,3,714.6,315,65.34,no
NJ,138,area_code_408,no,no,0,241.8,93,41.11,170.5,83,14.49,295.3,104,13.29,11.8,7,3.19,3,707.6,280,68.89,no
ME,120,area_code_510,no,no,0,198.8,56,33.8,230.1,73,19.56,119.8,81,5.39,9.9,3,2.67,2,548.6999999999999,210,58.75,no
RI,129,area_code_415,no,no,0,139.5,119,23.72,289.3,105,24.59,129.4,97,5.82,13.1,8,3.54,0,558.2,321,54.13,no
MA,17,area_code_415,yes,no,0,162.8,118,27.68,229.6,91,19.52,332.7,94,14.97,13.6,3,3.67,0,725.0999999999999,303,62.17,yes
TX,112,area_code_415,no,no,0,214.8,112,36.52,209.7,104,17.82,164.4,97,7.4,9.4,5,2.54,3,588.9,313,61.74,no
DE,138,area_code_510,yes,no,0,46.5,104,7.91,186.0,114,15.81,167.5,95,7.54,9.6,4,2.59,4,400.0,313,31.259999999999998,yes
MT,74,area_code_408,no,no,0,174.1,96,29.6,251.1,94,21.34,257.6,123,11.59,8.3,5,2.24,2,682.8,313,62.53,yes
MS,65,area_code_415,yes,no,0,277.9,123,47.24,155.8,112,13.24,256.9,71,11.56,9.2,10,2.48,0,690.5999999999999,306,72.04,yes
TN,139,area_code_510,no,no,0,196.9,58,33.47,137.1,91,11.65,216.6,101,9.75,9.8,3,2.65,1,550.6,250,54.87,no
GA,70,area_code_415,no,yes,20,230.2,110,39.13,177.5,111,15.09,206.3,38,9.28,11.9,2,3.21,0,614.0,259,63.5,no
KS,70,area_code_415,no,no,0,325.5,128,55.34,300.3,105,25.53,199.8,93,8.99,5.7,7,1.54,1,825.5999999999999,326,89.86,yes
LA,103,area_code_415,no,no,0,222.9,129,37.89,205.0,87,17.43,141.3,99,6.36,9.9,2,2.67,1,569.2,315,61.68,no
NC,86,area_code_510,no,no,0,190.5,115,32.39,179.6,130,15.27,258.5,89,11.63,10.1,5,2.73,3,628.6,334,59.29,no
SD,30,area_code_415,no,no,0,247.4,107,42.06,175.9,76,14.95,287.4,90,12.93,11.3,2,3.05,0,710.7,273,69.94,no
ND,102,area_code_510,no,no,0,69.7,85,11.85,226.5,107,19.25,128.5,104,5.78,11.1,2,3.0,2,424.7,296,36.88,no
MS,124,area_code_415,no,no,0,251.5,85,42.76,214.2,98,18.21,186.1,71,8.37,11.1,6,3.0,3,651.8,254,69.34,no
ND,35,area_code_415,no,no,0,260.8,87,44.34,258.1,78,21.94,131.3,123,5.91,5.8,2,1.57,1,650.2,288,72.19,no
OK,82,area_code_408,no,no,0,182.3,106,30.99,259.9,102,22.09,150.5,98,6.77,10.9,6,2.94,1,592.7,306,59.849999999999994,no
NM,119,area_code_415,yes,yes,15,160.0,95,27.2,209.5,110,17.81,82.3,107,3.7,8.7,5,2.35,5,451.8,312,48.71,yes
NC,61,area_code_510,no,no,0,7.2,97,1.22,221.8,78,18.85,174.5,94,7.85,12.0,4,3.24,1,403.5,269,27.92,no
NM,147,area_code_510,no,no,0,248.6,83,42.26,148.9,85,12.66,172.5,109,7.76,8.0,4,2.16,3,570.0,277,62.68,no
NV,102,area_code_415,no,no,0,144.4,87,24.55,266.5,128,22.65,217.6,59,9.79,7.1,7,1.92,0,628.5,274,56.99,no
MA,132,area_code_415,no,no,0,117.6,66,19.99,214.0,108,18.19,239.5,94,10.78,8.8,5,2.38,1,571.1,268,48.96,no
CT,116,area_code_415,no,no,0,245.9,73,41.8,240.1,87,20.41,158.7,89,7.14,8.9,5,2.4,3,644.7,249,69.35,no
TX,145,area_code_510,no,no,0,158.8,120,27.0,352.1,145,29.93,177.6,140,7.99,6.2,6,1.67,2,688.5,405,64.92,no
ME,70,area_code_415,no,no,0,169.1,48,28.75,219.8,62,18.68,193.5,105,8.71,10.7,8,2.89,3,582.4,215,56.14,no
AZ,98,area_code_408,no,yes,40,212.1,90,36.06,233.9,110,19.88,234.0,84,10.53,7.1,4,1.92,0,680.0,284,66.47,no
MN,46,area_code_408,no,no,0,156.4,105,26.59,185.5,98,15.77,226.7,96,10.2,11.8,3,3.19,1,568.5999999999999,299,52.56,no
VT,95,area_code_510,yes,yes,41,136.8,91,23.26,200.8,61,17.07,133.7,67,6.02,10.3,9,2.78,5,471.3,219,46.349999999999994,yes
MT,78,area_code_510,no,no,0,185.8,102,31.59,251.6,88,21.39,202.8,86,9.13,13.3,6,3.59,2,640.2,276,62.11000000000001,no
MD,83,area_code_510,no,no,0,78.1,70,13.28,239.3,115,20.34,144.4,112,6.5,12.3,4,3.32,1,461.79999999999995,297,40.12,no
NY,68,area_code_415,no,yes,29,239.5,82,40.72,203.8,105,17.32,167.8,70,7.55,9.9,6,2.67,0,611.1,257,65.59,no
IL,117,area_code_408,no,no,0,228.3,84,38.81,152.6,92,12.97,309.7,101,13.94,3.7,3,1.0,3,690.5999999999999,277,65.72,no
NH,60,area_code_415,no,no,0,180.3,67,30.65,208.0,68,17.68,181.2,101,8.15,12.8,6,3.46,2,569.5,236,56.48,no
CO,135,area_code_408,no,no,0,129.4,104,22.0,199.0,96,16.92,142.4,81,6.41,12.3,4,3.32,1,470.79999999999995,281,45.33,no
NC,77,area_code_408,yes,yes,44,103.2,117,17.54,236.3,86,20.09,203.5,101,9.16,11.9,2,3.21,0,543.0,304,46.78999999999999,yes
PA,92,area_code_408,no,yes,28,151.1,90,25.69,194.8,79,16.56,239.2,114,10.76,10.0,3,2.7,1,585.0999999999999,283,53.01,no
DE,89,area_code_408,no,no,0,197.1,110,33.51,165.9,115,14.1,227.3,106,10.23,12.8,3,3.46,1,590.3,331,57.84,no
RI,106,area_code_510,yes,no,0,204.0,84,34.68,168.5,61,14.32,164.0,102,7.38,13.3,3,3.59,3,536.5,247,56.38,yes
NH,125,area_code_415,yes,no,0,298.4,78,50.73,270.5,142,22.99,107.3,84,4.83,12.2,2,3.29,0,676.1999999999999,304,78.55,yes
AR,74,area_code_415,no,no,0,201.4,112,34.24,109.6,71,9.32,200.2,135,9.01,10.7,2,2.89,1,511.2,318,52.57,no
HI,98,area_code_415,no,yes,31,181.6,112,30.87,220.7,100,18.76,236.3,121,10.63,12.9,4,3.48,2,638.5999999999999,333,60.260000000000005,no
WV,83,area_code_415,no,yes,37,78.5,109,13.35,210.5,101,17.89,179.7,102,8.09,11.8,4,3.19,1,468.7,312,39.33,no
FL,190,area_code_415,no,no,0,196.1,95,33.34,228.3,88,19.41,243.6,95,10.96,7.6,3,2.05,3,668.0,278,63.71,no
CO,82,area_code_408,no,no,0,121.6,81,20.67,191.3,109,16.26,231.4,81,10.41,8.6,5,2.32,3,544.3,271,47.34,no
VA,72,area_code_510,no,no,0,212.7,92,36.16,306.4,100,26.04,140.3,90,6.31,12.9,6,3.48,0,659.3999999999999,282,68.50999999999999,no
CO,126,area_code_415,no,no,0,120.0,82,20.4,213.6,111,18.16,312.9,136,14.08,7.5,6,2.03,1,646.5,329,52.64,no
AR,79,area_code_408,no,no,0,152.2,112,25.87,177.2,132,15.06,96.4,87,4.34,5.3,3,1.43,1,425.79999999999995,331,45.269999999999996,no
TX,75,area_code_415,yes,no,0,222.4,78,37.81,327.0,111,27.8,208.0,104,9.36,8.7,9,2.35,1,757.4,293,74.97,yes
AL,141,area_code_408,no,no,0,242.8,90,41.28,234.1,80,19.9,211.5,104,9.52,6.0,3,1.62,5,688.4,274,70.7,no
CT,155,area_code_510,no,no,0,165.4,108,28.12,183.7,103,15.61,80.2,108,3.61,8.9,4,2.4,3,429.3,319,47.34,no
DC,66,area_code_415,no,no,0,146.4,107,24.89,196.5,99,16.7,230.1,106,10.35,7.8,2,2.11,1,573.0,312,51.940000000000005,no
NE,94,area_code_415,no,no,0,252.6,104,42.94,169.0,125,14.37,170.9,106,7.69,11.1,7,3.0,2,592.5,335,65.0,no
FL,158,area_code_415,no,no,0,123.3,115,20.96,130.4,91,11.08,243.7,119,10.97,11.2,3,3.02,3,497.4,325,43.01,no
IA,120,area_code_415,no,yes,33,299.5,83,50.92,163.4,84,13.89,146.7,88,6.6,11.6,5,3.13,0,609.5999999999999,255,71.41,no
NC,64,area_code_510,yes,yes,33,127.2,93,21.62,162.9,104,13.85,247.4,109,11.13,8.1,13,2.19,0,537.5,306,46.6,no
HI,118,area_code_415,no,no,0,253.2,122,43.04,201.0,78,17.09,195.3,108,8.79,9.7,7,2.62,2,649.5,308,68.91999999999999,no
MT,106,area_code_415,no,no,0,187.1,104,31.81,250.2,117,21.27,144.9,81,6.52,11.0,3,2.97,1,582.1999999999999,302,59.599999999999994,no
RI,87,area_code_415,no,no,0,139.7,112,23.75,226.8,62,19.28,168.5,65,7.58,15.1,7,4.08,1,535.0,239,50.61,no
MD,115,area_code_408,no,no,0,254.8,97,43.32,153.5,110,13.05,217.6,117,9.79,9.0,4,2.43,1,625.9,324,66.16,no
CO,131,area_code_415,no,yes,23,170.8,145,29.04,236.7,93,20.12,294.5,100,13.25,12.7,1,3.43,1,702.0,338,62.41,no
MN,62,area_code_510,no,yes,33,186.4,84,31.69,201.0,136,17.09,286.7,103,12.9,11.1,3,3.0,2,674.0999999999999,323,61.68,yes
AK,127,area_code_408,no,no,0,182.3,124,30.99,169.9,110,14.44,184.0,116,8.28,9.3,3,2.51,1,536.2,350,53.71,no
OK,116,area_code_510,no,no,0,205.0,90,34.85,140.9,114,11.98,272.6,96,12.27,7.5,4,2.03,2,618.5,300,59.099999999999994,no
AR,93,area_code_415,no,no,0,131.9,91,22.42,203.8,92,17.32,205.6,121,9.25,6.8,3,1.84,1,541.3000000000001,304,48.99,no
OH,93,area_code_415,no,yes,42,152.3,90,25.89,267.5,102,22.74,266.9,130,12.01,11.3,5,3.05,7,686.7,322,60.63999999999999,no
SD,148,area_code_408,no,no,0,185.2,87,31.48,170.4,96,14.48,165.1,104,7.43,9.5,13,2.57,1,520.7,287,53.39,no
TN,3,area_code_415,no,no,0,185.0,120,31.45,203.7,129,17.31,170.5,89,7.67,14.1,3,3.81,3,559.2,338,56.43,no
AZ,72,area_code_510,no,no,0,272.4,88,46.31,107.9,125,9.17,185.5,81,8.35,12.7,2,3.43,0,565.8,294,63.830000000000005,no
MD,105,area_code_408,no,no,0,141.8,85,24.11,191.3,101,16.26,133.6,126,6.01,10.9,3,2.94,1,466.70000000000005,312,46.38,no
AK,96,area_code_408,no,yes,29,150.0,91,25.5,159.4,75,13.55,228.1,55,10.26,8.5,3,2.3,1,537.5,221,49.309999999999995,no
ID,46,area_code_415,no,no,0,124.8,133,21.22,157.3,143,13.37,199.3,72,8.97,8.6,4,2.32,2,481.40000000000003,348,43.559999999999995,no
NM,122,area_code_408,no,yes,33,174.9,103,29.73,248.2,105,21.1,164.6,116,7.41,13.5,3,3.65,1,587.7,324,58.239999999999995,yes
AR,80,area_code_415,no,no,0,124.3,100,21.13,173.0,107,14.71,253.2,62,11.39,7.9,9,2.13,1,550.5,269,47.230000000000004,no
WY,95,area_code_415,no,yes,39,260.8,130,44.34,213.4,111,18.14,195.6,97,8.8,10.1,5,2.73,1,669.8000000000001,338,71.28,no
DE,74,area_code_415,no,yes,38,176.0,84,29.92,288.2,103,24.5,178.2,86,8.02,14.8,5,4.0,2,642.4,273,62.44,no
KS,59,area_code_510,no,yes,45,71.2,113,12.1,233.7,95,19.86,139.3,129,6.27,14.0,12,3.78,1,444.2,337,38.230000000000004,no
MT,94,area_code_415,no,no,0,137.5,118,23.38,203.2,88,17.27,150.0,131,6.75,13.4,2,3.62,0,490.7,337,47.4,no
WV,100,area_code_408,no,no,0,239.1,96,40.65,180.1,110,15.31,259.2,112,11.66,14.0,2,3.78,0,678.4,318,67.62,no
CO,84,area_code_415,no,no,0,148.8,89,25.3,189.8,93,16.13,147.6,73,6.64,6.3,2,1.7,1,486.20000000000005,255,48.07,no
MA,19,area_code_415,no,yes,29,142.7,94,24.26,129.9,60,11.04,165.3,65,7.44,10.0,4,2.7,0,437.90000000000003,219,42.739999999999995,no
OR,48,area_code_415,no,no,0,190.4,92,32.37,317.5,85,26.99,133.4,113,6.0,8.3,4,2.24,2,641.3,290,65.36,no
WY,25,area_code_408,no,no,0,199.2,80,33.86,123.2,84,10.47,82.3,77,3.7,9.6,4,2.59,2,404.7,241,48.03,no
NE,200,area_code_408,no,no,0,195.4,71,33.22,249.4,96,21.2,233.1,132,10.49,12.9,2,3.48,3,677.9,299,64.91,no
ND,56,area_code_415,no,no,0,222.7,133,37.86,277.0,89,23.55,101.8,94,4.58,13.6,4,3.67,4,601.5,316,65.99,no
OK,100,area_code_415,no,no,0,203.1,96,34.53,217.0,126,18.45,180.9,122,8.14,13.5,2,3.65,3,601.0,344,61.120000000000005,no
NC,104,area_code_415,no,yes,18,182.1,66,30.96,213.6,65,18.16,193.0,108,8.69,13.4,9,3.62,2,588.7,239,57.81,no
AL,106,area_code_408,no,yes,29,83.6,131,14.21,203.9,131,17.33,229.5,73,10.33,8.1,3,2.19,1,517.0,335,41.87,no
TX,102,area_code_510,no,no,0,214.8,60,36.52,173.8,70,14.77,166.7,90,7.5,10.9,2,2.94,1,555.3,220,58.790000000000006,no
NC,135,area_code_415,no,no,0,201.8,81,34.31,225.0,114,19.13,204.4,82,9.2,10.3,6,2.78,1,631.2,277,62.64,no
MO,107,area_code_415,no,no,0,146.9,94,24.97,114.3,111,9.72,114.5,97,5.15,11.4,5,3.08,3,375.7,302,39.839999999999996,no
IL,130,area_code_415,no,no,0,155.9,95,26.5,256.1,97,21.77,262.9,103,11.83,11.7,3,3.16,3,674.9,295,60.099999999999994,no
NY,115,area_code_510,no,yes,16,133.3,110,22.66,185.7,111,15.78,161.5,113,7.27,5.6,4,1.51,2,480.5,334,45.709999999999994,no
WI,119,area_code_415,no,no,0,226.6,126,38.52,143.6,107,12.21,94.9,123,4.27,12.1,5,3.27,1,465.1,356,55.0,no
CO,80,area_code_415,no,no,0,194.8,116,33.12,209.9,93,17.84,194.1,100,8.73,12.8,3,3.46,0,598.8000000000001,309,59.69,no
GA,44,area_code_510,no,no,0,288.1,112,48.98,258.0,92,21.93,192.4,90,8.66,10.2,4,2.75,3,738.5,294,79.57,yes
NJ,114,area_code_408,no,no,0,206.3,113,35.07,223.5,97,19.0,234.3,119,10.54,8.1,6,2.19,2,664.1,329,64.61,no
ID,103,area_code_415,no,no,0,70.9,134,12.05,134.5,112,11.43,168.8,164,7.6,12.0,6,3.24,2,374.20000000000005,410,31.08,no
PA,53,area_code_415,no,no,0,205.1,86,34.87,160.5,95,13.64,149.5,142,6.73,10.7,2,2.89,3,515.1,323,55.239999999999995,no
MI,76,area_code_415,no,yes,37,190.8,58,32.44,221.9,101,18.86,211.2,104,9.5,12.3,4,3.32,1,623.9000000000001,263,60.8,no
MO,131,area_code_408,no,no,0,109.5,95,18.62,332.1,48,28.23,258.6,108,11.64,6.6,7,1.78,1,700.2,251,58.49,no
WY,33,area_code_415,no,no,0,213.9,88,36.36,239.8,119,20.38,148.7,71,6.69,9.8,14,2.65,2,602.4000000000001,278,63.42999999999999,no
MA,152,area_code_408,no,no,0,216.7,70,36.84,152.7,102,12.98,181.2,99,8.15,11.6,6,3.13,1,550.5999999999999,271,57.970000000000006,no
SC,72,area_code_415,no,no,0,207.8,92,35.33,195.7,110,16.63,184.8,124,8.32,13.1,4,3.54,0,588.3,326,60.279999999999994,no
WY,120,area_code_415,no,yes,24,227.5,81,38.68,234.9,71,19.97,166.4,128,7.49,9.0,13,2.43,1,628.8,280,66.14,no
WI,62,area_code_415,no,no,0,281.0,66,47.77,160.6,108,13.65,77.9,74,3.51,0.0,0,0.0,1,519.5,248,64.93,no
MI,148,area_code_415,yes,no,0,233.5,81,39.7,187.7,71,15.95,122.3,97,5.5,9.6,2,2.59,0,543.5,249,61.150000000000006,yes
DC,45,area_code_415,no,no,0,96.1,103,16.34,246.8,134,20.98,229.7,92,10.34,9.7,4,2.62,1,572.5999999999999,329,47.66,no
DC,115,area_code_510,no,yes,29,222.6,81,37.84,190.3,109,16.18,201.2,87,9.05,11.5,2,3.11,1,614.0999999999999,277,63.07000000000001,no
MN,78,area_code_415,no,no,0,241.3,113,41.02,146.6,97,12.46,129.0,131,5.81,11.8,6,3.19,3,516.9,341,59.290000000000006,no
AL,92,area_code_408,no,yes,38,242.2,96,41.17,159.7,144,13.57,210.0,108,9.45,8.9,1,2.4,1,611.9,348,64.19,no
ND,131,area_code_408,no,yes,33,177.1,100,30.11,194.0,85,16.49,253.4,124,11.4,5.2,5,1.4,1,624.5,309,57.99999999999999,no
HI,115,area_code_415,no,yes,33,145.0,72,24.65,194.5,157,16.53,242.3,138,10.9,14.2,3,3.83,2,581.8,367,52.08,no
ME,131,area_code_510,yes,yes,26,292.9,101,49.79,199.7,97,16.97,255.3,127,11.49,13.8,7,3.73,4,747.9,325,78.24999999999999,yes
IL,87,area_code_510,no,no,0,231.3,105,39.32,171.7,108,14.59,67.7,136,3.05,13.0,6,3.51,1,470.7,349,56.959999999999994,no
WY,160,area_code_408,no,no,0,82.7,116,14.06,194.6,95,16.54,159.0,54,7.15,10.9,9,2.94,0,436.3,265,37.75,no
KS,93,area_code_415,no,no,0,266.0,120,45.22,130.1,84,11.06,165.8,63,7.46,13.1,6,3.54,3,561.9000000000001,267,63.74,no
CT,123,area_code_415,no,no,0,128.7,126,21.88,117.6,94,10.0,198.4,132,8.93,10.8,5,2.92,0,444.7,352,40.81,no
HI,101,area_code_415,no,no,0,253.2,89,43.04,237.9,114,20.22,154.3,85,6.94,9.7,7,2.62,4,645.4000000000001,288,70.2,no
OR,110,area_code_408,no,no,0,149.8,112,25.47,180.0,93,15.3,140.0,119,6.3,11.7,4,3.16,2,469.8,324,47.06999999999999,no
WV,13,area_code_415,no,no,0,146.4,74,24.89,148.5,92,12.62,216.7,96,9.75,11.3,3,3.05,1,511.59999999999997,262,47.26,no
UT,107,area_code_510,no,no,0,257.7,98,43.81,156.5,84,13.3,104.4,123,4.7,9.8,3,2.65,1,518.6,305,61.81,no
FL,142,area_code_415,no,yes,26,220.5,94,37.49,239.5,126,20.36,254.3,109,11.44,5.9,9,1.59,2,714.3,329,69.29,no
CT,40,area_code_510,yes,no,0,220.8,100,37.54,265.7,106,22.58,212.8,94,9.58,6.4,3,1.73,0,699.3,300,69.7,no
CT,59,area_code_415,no,yes,46,200.1,44,34.02,126.0,78,10.71,146.3,123,6.58,10.6,5,2.86,1,472.40000000000003,245,51.31,no
OH,125,area_code_408,no,no,0,106.1,95,18.04,157.6,113,13.4,192.5,69,8.66,8.1,3,2.19,1,456.2,277,40.099999999999994,no
MI,91,area_code_415,no,no,0,154.4,165,26.25,168.3,121,14.31,239.9,81,10.8,11.7,4,3.16,5,562.6,367,51.36,yes
AK,36,area_code_415,yes,yes,19,171.9,96,29.22,198.4,111,16.86,321.7,76,14.48,10.5,1,2.84,1,692.0,283,60.56,yes
NJ,42,area_code_408,yes,no,0,180.7,127,30.72,174.6,94,14.84,165.3,114,7.44,12.0,6,3.24,2,520.5999999999999,335,53.0,no
WV,143,area_code_510,no,no,0,202.8,109,34.48,165.8,104,14.09,143.9,71,6.48,4.6,4,1.24,1,512.5,284,55.05,no
IA,44,area_code_415,no,no,0,308.6,139,52.46,150.8,94,12.82,198.7,66,8.94,7.3,3,1.97,4,658.1,299,74.22,yes
PA,119,area_code_408,no,no,0,287.1,115,48.81,159.3,99,13.54,216.8,86,9.76,13.9,1,3.75,2,663.2,300,72.11,yes
KS,143,area_code_408,no,yes,24,186.6,69,31.72,222.0,116,18.87,234.9,138,10.57,11.6,5,3.13,1,643.5,323,61.160000000000004,no
NY,89,area_code_415,no,no,0,89.5,66,15.22,179.3,104,15.24,225.1,116,10.13,12.3,1,3.32,3,493.9,286,40.59,no
UT,133,area_code_510,no,no,0,338.4,86,57.53,234.6,97,19.94,264.8,139,11.92,14.8,4,4.0,3,837.8,322,89.39,yes
CA,112,area_code_415,no,no,0,111.9,92,19.02,114.0,143,9.69,146.8,79,6.61,14.1,3,3.81,5,372.70000000000005,314,35.32,yes
OH,83,area_code_510,no,no,0,227.9,78,38.74,207.5,115,17.64,211.7,100,9.53,12.1,5,3.27,1,647.0999999999999,293,65.91,no
SD,139,area_code_510,no,no,0,196.0,135,33.32,186.0,146,15.81,153.0,92,6.89,9.8,1,2.65,3,535.0,373,56.02,no
RI,127,area_code_510,no,no,0,211.1,62,35.89,235.2,143,19.99,227.5,66,10.24,15.6,3,4.21,2,673.8,271,66.11999999999999,no
NM,132,area_code_408,no,no,0,214.6,78,36.48,251.7,98,21.39,240.8,88,10.84,13.9,2,3.75,0,707.0999999999999,264,68.71,no
CT,80,area_code_408,no,no,0,118.1,90,20.08,144.3,77,12.27,225.1,86,10.13,8.2,6,2.21,1,487.5,253,42.48,no
CO,63,area_code_415,no,no,0,211.8,84,36.01,230.9,137,19.63,217.1,99,9.77,10.7,9,2.89,3,659.8000000000001,320,65.41,no
LA,128,area_code_415,no,no,0,147.7,94,25.11,283.3,83,24.08,188.3,124,8.47,6.9,5,1.86,2,619.3,301,57.66,no
IN,96,area_code_415,no,yes,45,248.8,124,42.3,140.3,77,11.93,263.6,102,11.86,10.3,2,2.78,3,652.7,303,66.09,no
NY,15,area_code_510,yes,no,0,141.4,80,24.04,123.9,76,10.53,323.5,88,14.56,8.1,3,2.19,2,588.8,244,49.13,no
IL,65,area_code_415,no,no,0,180.3,84,30.65,199.9,129,16.99,280.1,62,12.6,12.1,1,3.27,3,660.3000000000001,275,60.24,no
OH,83,area_code_415,no,no,0,337.4,120,57.36,227.4,116,19.33,153.9,114,6.93,15.8,7,4.27,0,718.6999999999999,350,83.62,yes
WY,97,area_code_415,no,yes,24,133.2,135,22.64,217.2,58,18.46,70.6,79,3.18,11.0,3,2.97,1,421.0,272,44.28,no
NJ,48,area_code_510,no,yes,22,152.0,63,25.84,258.8,131,22.0,263.2,109,11.84,15.7,5,4.24,2,674.0,303,59.68000000000001,yes
NC,98,area_code_510,no,no,0,167.0,60,28.39,125.1,65,10.63,262.5,100,11.81,8.9,2,2.4,1,554.6,225,50.830000000000005,no
NY,111,area_code_415,no,no,0,181.8,117,30.91,158.1,91,13.44,266.2,123,11.98,9.7,9,2.62,0,606.0999999999999,331,56.33,no
AL,55,area_code_415,yes,no,0,191.9,91,32.62,256.1,110,21.77,203.7,101,9.17,14.3,6,3.86,1,651.7,302,63.56,yes
IL,107,area_code_415,no,yes,14,114.3,132,19.43,199.8,91,16.98,194.7,74,8.76,7.5,8,2.03,1,508.8,297,45.169999999999995,no
VT,72,area_code_415,no,no,0,139.9,117,23.78,223.6,96,19.01,240.8,93,10.84,12.7,4,3.43,2,604.3,306,53.63000000000001,no
AL,141,area_code_510,no,yes,28,308.0,123,52.36,247.8,128,21.06,152.9,103,6.88,7.4,3,2.0,1,708.6999999999999,354,80.3,no
PA,79,area_code_415,no,no,0,268.3,114,45.61,185.5,111,15.77,264.6,88,11.91,6.3,7,1.7,1,718.4000000000001,313,73.28999999999999,yes
HI,56,area_code_415,no,no,0,158.2,85,26.89,197.9,91,16.82,159.9,133,7.2,7.7,7,2.08,1,516.0,309,50.910000000000004,no
WV,43,area_code_408,yes,no,0,160.5,92,27.29,235.8,121,20.04,111.8,95,5.03,13.8,5,3.73,1,508.1,308,52.36,yes
HI,155,area_code_415,yes,yes,26,211.7,121,35.99,139.2,123,11.83,146.7,89,6.6,11.1,3,3.0,1,497.59999999999997,333,54.42,no
VA,114,area_code_415,no,yes,34,114.5,64,19.47,229.3,84,19.49,288.8,68,13.0,10.4,16,2.81,0,632.6,216,51.959999999999994,no
VA,132,area_code_510,no,no,0,81.1,86,13.79,245.2,72,20.84,237.0,115,10.67,10.3,2,2.78,0,563.3,273,45.3,no
MS,136,area_code_415,no,yes,24,174.6,76,29.68,176.6,114,15.01,214.4,91,9.65,8.8,5,2.38,2,565.6,281,54.339999999999996,no
MI,100,area_code_510,no,yes,21,86.1,95,14.64,189.9,126,16.14,201.3,113,9.06,11.7,4,3.16,0,477.3,334,39.84,no
IN,168,area_code_415,no,no,0,160.6,110,27.3,185.2,120,15.74,120.2,104,5.41,9.1,4,2.46,1,465.99999999999994,334,48.45,yes
WA,97,area_code_408,no,no,0,276.1,82,46.94,201.1,106,17.09,231.3,73,10.41,8.9,4,2.4,0,708.5,261,74.44,yes
RI,85,area_code_408,no,no,0,142.7,82,24.26,179.1,106,15.22,141.4,88,6.36,5.0,8,1.35,3,463.19999999999993,276,45.84,no
TN,68,area_code_415,no,no,0,222.8,99,37.88,175.8,85,14.94,202.0,111,9.09,11.0,3,2.97,3,600.6,295,61.91,no
UT,93,area_code_415,no,no,0,174.1,127,29.6,176.8,73,15.03,240.0,111,10.8,10.7,3,2.89,0,590.9,311,55.43000000000001,no
KY,54,area_code_408,no,no,0,159.8,99,27.17,264.0,64,22.44,115.7,70,5.21,9.7,7,2.62,2,539.5,233,54.82,no
NM,113,area_code_510,no,no,0,150.1,120,25.52,200.1,85,17.01,266.7,105,12.0,11.0,3,2.97,2,616.9,310,54.53,no
MO,79,area_code_408,no,no,0,261.7,97,44.49,210.6,48,17.9,256.7,83,11.55,6.0,3,1.62,3,729.0,228,73.94,yes
NC,83,area_code_510,no,yes,36,95.9,87,16.3,261.6,105,22.24,228.6,109,10.29,13.3,4,3.59,0,586.1,301,48.83,no
MO,152,area_code_408,no,no,0,101.2,122,17.2,141.6,87,12.04,198.5,124,8.93,7.5,3,2.03,2,441.3,333,38.17,no
IL,66,area_code_415,no,yes,21,134.4,110,22.85,136.2,104,11.58,215.6,105,9.7,9.7,4,2.62,3,486.20000000000005,319,44.129999999999995,no
KS,99,area_code_415,no,no,0,191.2,110,32.5,163.9,102,13.93,243.6,114,10.96,14.1,3,3.81,1,598.7,326,57.39,no
FL,133,area_code_408,no,yes,49,229.4,78,39.0,219.5,106,18.66,172.3,115,7.75,12.0,4,3.24,3,621.2,299,65.41,no
KY,169,area_code_510,no,no,0,276.1,120,46.94,123.5,88,10.5,261.9,116,11.79,11.9,5,3.21,1,661.5,324,69.22999999999999,no
NM,138,area_code_408,no,no,0,63.7,114,10.83,212.2,132,18.04,247.6,114,11.14,8.8,4,2.38,0,523.5,360,40.01,no
MN,130,area_code_415,no,no,0,204.5,88,34.77,178.4,85,15.16,229.6,78,10.33,12.6,8,3.4,0,612.5,251,60.260000000000005,no
TX,98,area_code_408,no,no,0,158.5,90,26.95,254.4,67,21.62,178.4,104,8.03,14.8,5,4.0,2,591.3,261,56.6,no
OH,135,area_code_510,no,no,0,112.7,123,19.16,280.0,90,23.8,251.9,110,11.34,10.4,2,2.81,0,644.6,323,54.3,no
MI,86,area_code_510,no,yes,41,119.0,101,20.23,230.0,134,19.55,236.9,58,10.66,9.5,3,2.57,0,585.9,293,50.44,no
VT,117,area_code_408,yes,no,0,167.1,86,28.41,177.5,87,15.09,249.4,132,11.22,14.1,7,3.81,2,594.0,305,54.72,yes
AL,200,area_code_408,no,no,0,128.2,87,21.79,133.2,105,11.32,177.6,123,7.99,11.2,2,3.02,1,439.0,315,41.1,no
VA,117,area_code_408,no,no,0,97.1,98,16.51,228.0,131,19.38,240.0,111,10.8,10.6,3,2.86,1,565.1,340,46.69,no
OR,99,area_code_408,no,no,0,256.4,44,43.59,214.5,105,18.23,233.7,75,10.52,7.9,1,2.13,3,704.5999999999999,224,72.34,yes
PA,82,area_code_408,no,no,0,125.7,96,21.37,207.6,137,17.65,183.1,103,8.24,12.9,2,3.48,1,516.4,336,47.26,no
NV,93,area_code_408,no,no,0,114.3,100,19.43,221.1,103,18.79,126.3,88,5.68,10.9,9,2.94,0,461.7,291,43.9,no
OK,117,area_code_415,no,yes,31,104.9,115,17.83,237.6,125,20.2,263.4,104,11.85,7.7,6,2.08,3,605.9,344,49.88,no
NC,64,area_code_408,no,yes,19,291.1,150,49.49,226.7,123,19.27,219.1,67,9.86,7.5,2,2.03,1,736.9,340,78.62,no
IL,183,area_code_510,no,no,0,108.3,87,18.41,183.6,116,15.61,176.6,109,7.95,13.5,2,3.65,0,468.5,312,41.97,no
NM,136,area_code_408,no,no,0,276.3,94,46.97,226.0,125,19.21,221.4,87,9.96,7.2,1,1.94,1,723.7,306,76.14000000000001,yes
WV,172,area_code_415,no,no,0,211.7,100,35.99,198.7,101,16.89,301.7,136,13.58,6.5,9,1.76,1,712.0999999999999,337,66.46000000000001,no
WV,69,area_code_415,yes,no,0,176.8,89,30.06,196.0,89,16.66,232.6,151,10.47,13.1,5,3.54,1,605.4,329,57.19,yes
RI,102,area_code_510,no,no,0,184.6,133,31.38,166.8,94,14.18,225.2,105,10.13,6.8,8,1.84,1,576.5999999999999,332,55.690000000000005,no
VT,159,area_code_415,no,no,0,275.8,103,46.89,189.5,108,16.11,223.9,93,10.08,7.4,5,2.0,2,689.2,304,73.08,yes
NE,105,area_code_415,no,yes,27,141.2,96,24.0,167.7,94,14.25,274.4,101,12.35,11.4,2,3.08,1,583.3,291,50.6,no
OK,152,area_code_415,no,no,0,284.6,113,48.38,141.8,101,12.05,127.4,78,5.73,12.6,5,3.4,0,553.8000000000001,292,66.16000000000001,no
HI,87,area_code_408,no,yes,28,143.5,106,24.4,223.5,147,19.0,175.4,69,7.89,11.2,5,3.02,0,542.4,322,51.29,no
NC,117,area_code_510,no,no,0,214.4,94,36.45,138.0,149,11.73,148.7,102,6.69,9.9,1,2.67,2,501.09999999999997,345,54.870000000000005,no
MI,116,area_code_408,no,no,0,149.6,74,25.43,167.9,92,14.27,174.1,100,7.83,16.4,7,4.43,0,491.6,266,47.53,no
DC,148,area_code_415,no,yes,11,252.9,129,42.99,284.3,88,24.17,262.8,99,11.83,12.3,1,3.32,1,800.0,316,78.99,no
CO,111,area_code_510,no,yes,24,205.5,114,34.94,219.3,99,18.64,215.9,95,9.72,14.0,4,3.78,1,640.7,308,63.3,no
MD,125,area_code_415,no,no,0,224.9,102,38.23,143.8,87,12.22,198.9,105,8.95,8.0,2,2.16,0,567.6,294,59.39999999999999,no
MD,47,area_code_415,yes,yes,31,140.6,114,23.9,264.6,44,22.49,238.7,121,10.74,9.7,4,2.62,2,643.9000000000001,279,57.13,no
VA,104,area_code_408,no,no,0,138.7,107,23.58,256.9,113,21.84,234.9,74,10.57,10.0,3,2.7,0,630.5,294,55.99,no
ID,104,area_code_510,no,no,0,97.2,88,16.52,155.6,85,13.23,261.6,105,11.77,12.4,5,3.35,0,514.4000000000001,278,41.519999999999996,no
KY,113,area_code_415,no,no,0,140.8,107,23.94,252.6,87,21.47,215.4,136,9.69,9.1,4,2.46,3,608.8,330,55.099999999999994,no
OH,108,area_code_415,no,yes,30,126.0,124,21.42,202.4,84,17.2,186.4,99,8.39,8.6,1,2.32,1,514.8,307,47.010000000000005,no
ID,73,area_code_510,no,yes,33,217.7,108,37.01,245.7,106,20.88,242.9,100,10.93,8.8,6,2.38,1,706.3,314,68.82,no
IL,98,area_code_510,yes,no,0,158.4,71,26.93,306.6,66,26.06,144.2,93,6.49,2.1,4,0.57,1,609.2,230,59.48,no
NH,127,area_code_415,no,no,0,200.8,104,34.14,181.4,73,15.42,89.7,49,4.04,9.7,5,2.62,0,471.90000000000003,226,53.6,no
OK,99,area_code_408,no,no,0,155.6,90,26.45,240.1,117,20.41,230.8,88,10.39,10.8,4,2.92,3,626.5,295,57.25,no
AL,107,area_code_408,no,no,0,86.8,95,14.76,108.1,85,9.19,204.3,87,9.19,13.2,3,3.56,1,399.2,267,33.14,no
DE,155,area_code_415,no,no,0,250.5,89,42.59,146.1,84,12.42,164.2,60,7.39,8.4,3,2.27,1,560.8,233,62.400000000000006,no
NY,94,area_code_510,yes,no,0,243.2,109,41.34,147.0,88,12.5,94.9,99,4.27,7.2,4,1.94,4,485.1,296,58.11,no
ND,123,area_code_408,no,no,0,159.1,94,27.05,241.6,119,20.54,202.4,120,9.11,6.5,1,1.76,1,603.1,333,56.7,no
MI,61,area_code_415,no,no,0,188.9,105,32.11,153.6,116,13.06,213.3,106,9.6,10.2,2,2.75,2,555.8,327,54.77,no
WV,44,area_code_408,no,no,0,213.2,85,36.24,224.0,128,19.04,137.8,74,6.2,12.5,5,3.38,1,575.0,287,61.480000000000004,no
OK,118,area_code_408,no,yes,23,289.5,52,49.22,166.6,111,14.16,119.1,88,5.36,9.5,4,2.57,1,575.2,251,68.74,no
CO,66,area_code_408,no,yes,40,141.7,87,24.09,268.3,89,22.81,241.3,68,10.86,8.5,7,2.3,0,651.3,244,57.76,no
CT,60,area_code_415,yes,yes,45,135.6,101,23.05,94.9,73,8.07,154.0,118,6.93,9.8,3,2.65,4,384.5,292,38.05,yes
TX,136,area_code_408,no,no,0,269.8,106,45.87,228.8,101,19.45,257.5,106,11.59,10.1,8,2.73,1,756.1,313,76.91,yes
SC,78,area_code_415,no,yes,21,160.6,85,27.3,223.1,79,18.96,124.0,92,5.58,9.5,1,2.57,2,507.7,256,51.84,no
MO,16,area_code_510,no,no,0,228.3,80,38.81,130.9,75,11.13,156.7,98,7.05,8.4,9,2.27,1,515.9000000000001,253,56.99,no
MI,135,area_code_415,no,no,0,239.9,91,40.78,177.1,104,15.05,217.2,118,9.77,5.9,3,1.59,2,634.2,313,65.6,no
ME,55,area_code_510,no,no,0,181.3,100,30.82,200.5,122,17.04,226.9,99,10.21,10.9,2,2.94,1,608.7,321,58.07,no
WV,101,area_code_415,no,yes,28,220.3,96,37.45,285.8,72,24.29,203.0,111,9.14,9.4,6,2.54,4,709.1,279,70.88,no
OK,71,area_code_415,no,no,0,123.8,130,21.05,226.5,91,19.25,213.9,96,9.63,8.8,7,2.38,2,564.2,317,49.93,no
WA,70,area_code_415,no,no,0,229.3,110,38.98,118.2,89,10.05,155.0,105,6.98,7.9,4,2.13,1,502.5,304,56.010000000000005,no
HI,79,area_code_415,no,no,0,41.9,124,7.12,211.0,95,17.94,237.9,55,10.71,11.4,5,3.08,1,490.8,274,35.77,no
WV,131,area_code_408,no,no,0,155.6,78,26.45,165.2,134,14.04,184.1,89,8.28,8.7,2,2.35,2,504.9,301,48.769999999999996,no
NY,181,area_code_415,yes,no,0,161.3,83,27.42,124.4,83,10.57,262.0,98,11.79,14.1,3,3.81,0,547.7,264,49.78,yes
NJ,64,area_code_510,no,no,0,162.6,83,27.64,152.3,109,12.95,57.5,122,2.59,14.2,3,3.83,1,372.4,314,43.18000000000001,no
MD,130,area_code_415,no,yes,45,174.5,120,29.67,217.5,95,18.49,220.3,67,9.91,12.2,2,3.29,1,612.3,282,58.06999999999999,no
ND,127,area_code_415,no,yes,23,182.0,80,30.94,216.1,85,18.37,156.9,82,7.06,9.8,4,2.65,1,555.0,247,56.370000000000005,no
CT,102,area_code_415,no,yes,25,137.4,100,23.36,176.7,83,15.02,188.2,93,8.47,10.2,6,2.75,2,502.3,276,46.849999999999994,no
ID,134,area_code_415,no,no,0,204.7,108,34.8,143.1,105,12.16,165.8,84,7.46,11.0,4,2.97,6,513.5999999999999,297,54.419999999999995,no
OH,29,area_code_415,yes,yes,37,235.0,101,39.95,183.3,79,15.58,139.8,106,6.29,5.7,7,1.54,2,558.1,286,61.82,no
NE,66,area_code_415,no,no,0,34.0,133,5.78,278.6,61,23.68,129.6,120,5.83,11.5,3,3.11,0,442.20000000000005,314,35.29,no
OH,145,area_code_408,no,no,0,185.9,106,31.6,209.7,112,17.82,224.7,87,10.11,9.3,4,2.51,2,620.3,305,59.53,no
KS,87,area_code_510,no,no,0,115.4,90,19.62,262.6,68,22.32,245.7,69,11.06,13.1,5,3.54,2,623.7,227,53.0,no
TX,130,area_code_415,no,no,0,176.9,109,30.07,90.7,104,7.71,238.0,69,10.71,9.5,2,2.57,1,505.6,282,48.49,no
CO,141,area_code_408,no,no,0,264.3,90,44.93,216.4,101,18.39,208.8,72,9.4,9.6,3,2.59,0,689.5,263,72.72,yes
MN,139,area_code_510,no,no,0,134.4,106,22.85,211.3,98,17.96,193.6,125,8.71,10.2,2,2.75,5,539.3000000000001,329,49.52,yes
AK,42,area_code_415,no,no,0,171.0,129,29.07,183.9,96,15.63,130.2,90,5.86,4.6,6,1.24,0,485.09999999999997,315,50.56,no
WV,43,area_code_415,no,no,0,199.9,108,33.98,288.4,80,24.51,180.6,103,8.13,11.3,7,3.05,1,668.9,291,66.61999999999999,no
MS,107,area_code_415,no,no,0,220.1,103,37.42,200.4,94,17.03,272.6,147,12.27,7.4,5,2.0,2,693.1,344,66.72,no
NE,136,area_code_415,no,no,0,121.5,80,20.66,220.1,97,18.71,179.5,94,8.08,10.4,5,2.81,1,521.1,271,47.45,no
NC,114,area_code_408,no,no,0,193.0,101,32.81,250.0,81,21.25,133.3,79,6.0,9.6,2,2.59,2,576.3,261,60.06,no
WI,70,area_code_415,no,no,0,7.9,100,1.34,136.4,83,11.59,156.6,89,7.05,12.1,1,3.27,0,300.9,272,19.98,no
AZ,92,area_code_415,yes,yes,45,281.1,88,47.79,198.0,103,16.83,94.3,76,4.24,7.5,3,2.03,0,573.4,267,68.86,no
SD,140,area_code_415,no,no,0,191.8,67,32.61,261.1,52,22.19,252.7,112,11.37,10.8,3,2.92,6,705.6,231,66.17,no
OR,194,area_code_415,no,no,0,258.3,76,43.91,306.0,88,26.01,241.8,106,10.88,13.6,4,3.67,1,806.0999999999999,270,80.8,yes
UT,39,area_code_408,no,no,0,157.2,81,26.72,247.7,131,21.05,215.7,141,9.71,9.9,9,2.67,1,620.5999999999999,353,57.48,no
MI,61,area_code_408,no,no,0,208.4,102,35.43,326.1,96,27.72,201.9,73,9.09,10.1,8,2.73,1,736.4,271,72.24,yes
AL,98,area_code_408,no,no,0,161.0,117,27.37,190.9,113,16.23,227.7,113,10.25,12.1,4,3.27,4,579.5999999999999,343,53.85,no
NH,93,area_code_408,no,no,0,179.3,93,30.48,188.8,65,16.05,253.2,88,11.39,12.1,5,3.27,1,621.3,246,57.92,no
HI,137,area_code_510,no,yes,20,268.5,91,45.65,128.8,121,10.95,146.4,98,6.59,12.7,6,3.43,1,543.7,310,63.19,no
IL,53,area_code_415,no,no,0,214.3,138,36.43,232.2,99,19.74,0.0,0,0.0,8.3,5,2.24,1,446.5,237,56.17,no
AR,57,area_code_415,no,yes,26,138.7,99,23.58,134.5,105,11.43,261.7,95,11.78,13.0,5,3.51,2,534.9,299,46.79,no
TX,169,area_code_408,no,no,0,266.7,105,45.34,158.2,88,13.45,287.7,111,12.95,13.8,3,3.73,3,712.5999999999999,304,71.74000000000001,yes
KY,155,area_code_510,yes,yes,38,234.6,84,39.88,214.9,119,18.27,196.7,69,8.85,8.0,2,2.16,1,646.2,272,67.0,yes
WI,127,area_code_415,no,no,0,218.6,93,37.16,149.9,130,12.74,204.6,131,9.21,9.2,5,2.48,2,573.1,354,59.11,no
OH,82,area_code_415,no,no,0,207.2,114,35.22,163.7,97,13.91,192.8,79,8.68,9.3,4,2.51,7,563.7,290,57.809999999999995,no
TN,1,area_code_415,no,no,0,196.1,107,33.34,296.5,82,25.2,211.5,91,9.52,7.0,2,1.89,1,704.1,280,68.06,no
TN,114,area_code_510,no,no,0,172.0,145,29.24,276.4,101,23.49,193.7,100,8.72,10.1,9,2.73,1,642.0999999999999,346,61.449999999999996,no
WA,112,area_code_415,no,no,0,158.1,107,26.88,181.5,101,15.43,200.3,126,9.01,8.3,7,2.24,1,539.9000000000001,334,51.32,no
OH,78,area_code_408,no,no,0,193.4,99,32.88,116.9,88,9.94,243.3,109,10.95,9.3,4,2.51,2,553.6,296,53.769999999999996,no
ND,110,area_code_415,no,no,0,135.1,109,22.97,205.2,99,17.44,166.3,119,7.48,11.7,4,3.16,1,506.59999999999997,327,47.89,no
AZ,134,area_code_415,no,yes,40,142.9,105,24.29,88.6,61,7.53,290.0,96,13.05,10.8,6,2.92,1,521.5,262,44.870000000000005,no
MD,135,area_code_408,yes,yes,41,173.1,85,29.43,203.9,107,17.33,122.2,78,5.5,14.6,15,3.94,0,499.2,270,52.26,yes
ME,104,area_code_415,no,no,0,246.4,108,41.89,205.5,102,17.47,208.1,125,9.36,14.1,8,3.81,2,660.0,335,68.72,no
DE,79,area_code_415,no,no,0,66.7,124,11.34,204.0,91,17.34,254.7,110,11.46,15.1,2,4.08,1,525.4,325,40.14,no
OH,162,area_code_415,no,no,0,135.2,98,22.98,242.0,107,20.57,246.9,96,11.11,10.2,2,2.75,2,624.1,301,54.66,no
MS,190,area_code_415,yes,no,0,111.9,55,19.02,223.0,124,18.96,243.2,81,10.94,10.0,7,2.7,3,578.0999999999999,260,48.92,no
LA,140,area_code_415,no,yes,27,176.0,141,29.92,201.3,143,17.11,167.9,93,7.56,7.1,5,1.92,3,545.2,377,54.59,no
MN,82,area_code_415,no,no,0,194.7,105,33.1,210.9,100,17.93,236.9,143,10.66,11.6,3,3.13,3,642.5,348,61.69,no
VA,158,area_code_415,no,no,0,222.8,101,37.88,203.0,128,17.26,210.6,106,9.48,6.9,2,1.86,2,636.4,335,64.62,no
KY,79,area_code_415,no,no,0,236.8,135,40.26,186.4,87,15.84,126.9,112,5.71,10.4,5,2.81,2,550.1,334,61.809999999999995,no
CT,162,area_code_408,no,no,0,49.2,121,8.36,143.9,136,12.23,203.0,97,9.14,12.1,13,3.27,1,396.1,354,29.73,no
MO,103,area_code_415,no,yes,37,230.7,112,39.22,319.4,116,27.15,299.4,77,13.47,7.9,3,2.13,2,849.4999999999999,305,79.84,no
TN,92,area_code_510,no,yes,25,79.8,99,13.57,313.6,120,26.66,135.5,104,6.1,9.3,8,2.51,2,528.9000000000001,323,46.330000000000005,no
PA,86,area_code_415,no,yes,23,247.6,65,42.09,255.7,104,21.73,150.0,138,6.75,7.3,5,1.97,3,653.3,307,70.57000000000001,no
TX,95,area_code_510,no,no,0,135.2,93,22.98,285.9,123,24.3,228.1,112,10.26,10.0,2,2.7,3,649.1999999999999,328,57.54,no
MD,5,area_code_408,no,no,0,198.7,108,33.78,146.7,86,12.47,216.8,95,9.76,9.5,3,2.57,2,562.2,289,56.01,no
AZ,145,area_code_415,no,yes,10,190.7,100,32.42,177.7,114,15.1,167.3,100,7.53,12.8,2,3.46,0,535.7,314,55.050000000000004,no
NM,56,area_code_408,no,no,0,197.0,110,33.49,222.8,102,18.94,225.3,91,10.14,10.6,6,2.86,2,645.1,303,62.57000000000001,no
PA,108,area_code_510,no,yes,25,170.7,88,29.02,109.9,113,9.34,165.7,99,7.46,8.7,1,2.35,3,446.3,300,45.82,no
OH,142,area_code_408,yes,no,0,160.6,101,27.3,202.0,125,17.17,221.7,100,9.98,8.8,2,2.38,1,584.3,326,54.45,yes
MN,179,area_code_415,no,no,0,170.7,54,29.02,191.1,108,16.24,214.6,107,9.66,13.3,4,3.59,1,576.4,269,54.92,no
DC,93,area_code_408,no,no,0,164.5,95,27.97,230.9,87,19.63,149.9,91,6.75,9.9,3,2.67,4,545.3,273,54.349999999999994,no
OR,61,area_code_415,no,no,0,234.2,76,39.81,216.7,108,18.42,130.6,122,5.88,13.9,2,3.75,1,581.5,306,64.11,no
IN,154,area_code_510,no,yes,32,192.3,82,32.69,165.3,134,14.05,205.0,74,9.23,9.0,1,2.43,2,562.6,290,55.97,no
DC,126,area_code_415,no,no,0,161.4,110,27.44,220.6,125,18.75,249.2,78,11.21,5.1,2,1.38,0,631.2,313,57.4,no
LA,91,area_code_415,no,no,0,190.5,128,32.39,205.5,103,17.47,130.7,63,5.88,13.8,5,3.73,0,526.7,294,55.74,no
AK,112,area_code_415,no,yes,31,142.9,92,24.29,233.8,107,19.87,329.2,142,14.81,10.4,6,2.81,0,705.9000000000001,341,58.97,no
IL,21,area_code_415,no,no,0,146.0,78,24.82,109.7,79,9.32,247.4,108,11.13,6.8,7,1.84,0,503.1,265,45.27,no
CO,90,area_code_415,no,yes,30,168.2,103,28.59,220.9,75,18.78,224.3,105,10.09,8.2,2,2.21,0,613.4000000000001,283,57.46000000000001,no
LA,118,area_code_408,no,no,0,187.4,97,31.86,177.8,89,15.11,233.4,97,10.5,12.2,6,3.29,1,598.6,283,57.47,no
UT,243,area_code_510,no,no,0,95.5,92,16.24,163.7,63,13.91,264.2,118,11.89,6.6,6,1.78,2,523.4,273,42.04,no
WY,63,area_code_415,no,no,0,120.1,103,20.42,179.2,132,15.23,127.3,82,5.73,6.3,4,1.7,1,426.59999999999997,317,41.38000000000001,no
SD,57,area_code_510,no,no,0,176.9,75,30.07,204.2,86,17.36,254.1,90,11.43,6.1,4,1.65,1,635.2,251,58.86,no
KS,120,area_code_510,no,no,0,158.0,110,26.86,197.0,103,16.75,154.9,132,6.97,10.0,5,2.7,1,509.9,345,50.58,no
ID,106,area_code_510,no,no,0,274.4,120,46.65,198.6,82,16.88,160.8,62,7.24,6.0,3,1.62,1,633.8,264,70.77,no
IL,91,area_code_415,no,no,0,189.3,100,32.18,239.3,107,20.34,89.7,89,4.04,9.9,3,2.67,3,518.3000000000001,296,56.559999999999995,no
LA,94,area_code_415,no,no,0,212.1,98,36.06,189.4,89,16.1,352.2,95,15.85,8.4,5,2.27,3,753.7,282,68.01,no
FL,108,area_code_510,no,no,0,210.7,112,35.82,238.7,73,20.29,253.6,90,11.41,9.2,5,2.48,3,703.0,275,67.52,no
WV,93,area_code_415,no,no,0,141.7,95,24.09,221.0,100,18.79,227.1,71,10.22,10.2,3,2.75,0,589.8,266,53.099999999999994,no
WI,92,area_code_415,no,no,0,157.7,101,26.81,298.6,100,25.38,216.9,99,9.76,13.8,3,3.73,1,673.2,300,61.949999999999996,no
WV,54,area_code_510,no,yes,33,112.0,90,19.04,208.0,112,17.68,150.3,83,6.76,11.3,4,3.05,2,470.3,285,43.48,no
NY,144,area_code_408,no,no,0,61.6,117,10.47,77.1,85,6.55,173.0,99,7.79,8.2,7,2.21,4,311.7,301,24.81,yes
IA,76,area_code_510,no,no,0,198.3,130,33.71,217.1,86,18.45,188.4,96,8.48,12.5,3,3.38,0,603.8,312,60.64,no
MO,132,area_code_408,no,no,0,206.2,100,35.05,211.2,118,17.95,196.2,122,8.83,10.2,6,2.75,1,613.5999999999999,340,61.83,no
NM,146,area_code_415,no,no,0,157.4,89,26.76,196.0,117,16.66,147.7,150,6.65,10.8,4,2.92,0,501.09999999999997,356,50.07,no
DE,85,area_code_510,no,no,0,211.5,100,35.96,184.6,88,15.69,164.3,131,7.39,13.3,4,3.59,2,560.4000000000001,319,59.04,no
ME,119,area_code_510,no,no,0,140.0,135,23.8,138.9,103,11.81,230.2,121,10.36,6.1,6,1.65,0,509.09999999999997,359,45.97,no
MT,143,area_code_415,no,no,0,172.3,97,29.29,174.0,108,14.79,188.2,119,8.47,13.0,4,3.51,2,534.5,324,52.55,no
NE,70,area_code_415,no,no,0,213.4,86,36.28,204.7,77,17.4,256.6,101,11.55,5.7,4,1.54,1,674.7,264,65.23,no
AL,57,area_code_415,no,no,0,190.1,114,32.32,274.5,96,23.33,132.5,122,5.96,9.2,5,2.48,3,597.1,332,61.61,no
CT,88,area_code_415,no,no,0,168.8,141,28.7,211.5,129,17.98,86.9,92,3.91,10.5,7,2.84,3,467.20000000000005,362,50.59,no
CA,79,area_code_510,no,no,0,157.6,85,26.79,194.1,92,16.5,231.5,86,10.42,9.4,10,2.54,5,583.2,263,53.71,yes
KS,138,area_code_510,no,yes,26,183.9,83,31.26,240.7,93,20.46,185.7,125,8.36,15.0,3,4.05,1,610.3,301,60.08,no
CT,45,area_code_415,no,no,0,142.4,107,24.21,318.7,78,27.09,224.1,108,10.08,11.1,7,3.0,1,685.2,293,61.379999999999995,no
WY,159,area_code_415,no,no,0,167.4,68,28.46,143.8,74,12.22,140.1,111,6.3,10.3,3,2.78,0,451.30000000000007,253,46.98,yes
SD,75,area_code_408,no,no,0,147.5,110,25.08,191.7,97,16.29,135.0,68,6.08,16.4,3,4.43,2,474.2,275,47.449999999999996,no
ND,55,area_code_415,no,no,0,180.1,77,30.62,235.5,98,20.02,169.4,104,7.62,11.1,2,3.0,0,585.0,279,58.26,no
DE,102,area_code_408,no,no,0,245.4,82,41.72,260.3,124,22.13,195.1,82,8.78,10.5,3,2.84,3,700.8000000000001,288,72.63,yes
OK,149,area_code_510,no,no,0,117.2,99,19.92,227.7,74,19.35,221.7,141,9.98,9.0,7,2.43,1,566.5999999999999,314,49.25,no
MN,81,area_code_510,no,no,0,145.6,59,24.75,287.9,131,24.47,181.7,121,8.18,9.2,4,2.48,2,615.2,311,57.4,no
IA,74,area_code_408,no,no,0,156.3,102,26.57,273.1,118,23.21,215.8,113,9.71,9.0,4,2.43,3,645.2,333,59.49,no
ID,113,area_code_415,no,yes,30,183.8,102,31.25,183.4,123,15.59,235.0,52,10.58,11.6,7,3.13,0,602.2,277,57.42,no
KY,66,area_code_510,no,yes,33,88.8,104,15.1,109.6,94,9.32,172.7,107,7.77,7.1,9,1.92,3,371.09999999999997,305,32.19,no
TN,222,area_code_408,no,yes,34,218.5,89,37.15,160.7,76,13.66,181.6,76,8.17,4.9,5,1.32,4,560.8,241,58.980000000000004,no
NV,95,area_code_415,no,yes,35,238.3,86,40.51,258.1,132,21.94,194.9,72,8.77,13.1,4,3.54,5,691.3000000000001,290,71.22,no
ID,93,area_code_415,no,no,0,216.2,100,36.75,182.8,136,15.54,237.9,66,10.71,7.8,3,2.11,2,636.9,302,63.0,no
PA,77,area_code_510,no,yes,24,149.4,74,25.4,123.9,72,10.53,174.3,84,7.84,10.1,6,2.73,1,447.6,230,43.769999999999996,no
FL,161,area_code_415,yes,no,0,156.1,114,26.54,180.3,63,15.33,179.6,115,8.08,11.1,9,3.0,2,516.0,292,49.949999999999996,no
WI,102,area_code_408,no,no,0,200.6,106,34.1,152.5,127,12.96,199.4,128,8.97,7.7,2,2.08,3,552.5,361,56.03,no
NC,80,area_code_408,no,no,0,196.0,75,33.32,237.8,112,20.21,220.1,127,9.9,13.9,5,3.75,1,653.9,314,63.43,no
NJ,124,area_code_415,no,no,0,108.2,92,18.39,214.3,83,18.22,185.5,155,8.35,13.2,11,3.56,4,508.0,330,44.96,yes
IN,105,area_code_510,no,yes,42,101.9,79,17.32,223.1,97,18.96,241.6,77,10.87,12.9,2,3.48,0,566.6,253,47.15,no
MT,80,area_code_415,no,no,0,198.1,160,33.68,156.7,87,13.32,182.1,76,8.19,9.3,3,2.51,3,536.9,323,55.19,no
AR,58,area_code_415,no,no,0,238.9,107,40.61,187.2,88,15.91,181.1,84,8.15,11.8,3,3.19,2,607.2,279,64.67,no
MA,102,area_code_415,no,yes,31,125.3,92,21.3,141.2,108,12.0,168.2,68,7.57,6.3,2,1.7,3,434.7,268,40.87,no
MN,62,area_code_415,no,no,0,248.7,109,42.28,220.0,118,18.7,265.7,78,11.96,13.2,2,3.56,1,734.4,305,72.94,yes
WI,114,area_code_415,no,yes,26,137.1,88,23.31,155.7,125,13.23,247.6,94,11.14,11.5,7,3.11,2,540.4,307,47.68,no
WI,93,area_code_415,no,no,0,199.7,109,33.95,114.2,68,9.71,241.0,109,10.85,7.1,2,1.92,0,554.9,286,54.510000000000005,no
DC,103,area_code_510,no,yes,31,107.7,124,18.31,188.9,104,16.06,196.2,98,8.83,8.9,3,2.4,0,492.8,326,43.199999999999996,no
WY,2,area_code_415,no,yes,27,141.7,125,24.09,160.7,136,13.66,170.3,81,7.66,9.3,2,2.51,1,472.7,342,45.41,no
VT,155,area_code_510,no,no,0,223.8,109,38.05,233.4,68,19.84,201.6,111,9.07,8.8,8,2.38,1,658.8000000000001,288,66.96000000000001,no
GA,27,area_code_510,no,no,0,72.7,75,12.36,208.6,117,17.73,65.8,71,2.96,9.9,3,2.67,1,347.1,263,33.05,no
MT,114,area_code_510,no,no,0,189.8,101,32.27,147.7,80,12.55,172.7,121,7.77,10.6,5,2.86,1,510.2,302,52.59,no
NH,100,area_code_408,no,no,0,218.8,125,37.2,148.3,102,12.61,277.8,97,12.5,9.7,6,2.62,1,644.9000000000001,324,62.31,no
AL,48,area_code_408,no,no,0,52.0,60,8.84,132.0,79,11.22,185.8,85,8.36,12.3,2,3.32,2,369.8,224,28.42,no
AL,115,area_code_415,no,no,0,265.9,112,45.2,132.9,94,11.3,185.2,106,8.33,14.6,7,3.94,1,584.0,312,64.83,no
PA,180,area_code_415,no,no,0,174.1,94,29.6,147.1,93,12.5,216.9,108,9.76,16.2,3,4.37,1,538.1,295,51.86,no
AZ,109,area_code_415,yes,no,0,268.4,85,45.63,150.6,131,12.8,297.9,84,13.41,9.7,8,2.62,2,716.9,300,71.84,yes
NH,127,area_code_415,yes,no,0,324.3,107,55.13,141.6,90,12.04,207.6,90,9.34,12.8,7,3.46,1,673.5,287,76.51,yes
OR,82,area_code_415,no,yes,19,146.5,73,24.91,246.4,65,20.94,199.0,114,8.96,4.1,4,1.11,1,591.9,252,54.81,no
VA,123,area_code_408,no,no,0,154.3,107,26.23,183.0,111,15.56,54.0,134,2.43,10.9,8,2.94,0,391.3,352,44.22,no
